solutions,,,,,,
infrastructure,,,,,,
deployment,,,,,,
benchmarking,,,,,,
ledger,,,,,,
data,,,,,,
cryptocurrency,,,,,,
online,,,,,,
digital,,,,,,
wealth management,,,,,,
data management,,,,,,
payment,,,,,,
financial services,,,,,,
cloud,,,,,,
developer,,,,,,
trade finance,,,,,,
liquidity,,,,,,
loans,,,,,,
market,,,,,,
java,,,,,,
aws,,,,,,
authentication,,,,,,
protocols,,,,,,
python,,,,,,
r,,,,,,
trading,,,,,,
crowdfunding,,,,,,
bitcoin,,,,,,
platform,,,,,,
oracle,,,,,,
sql,,,,,,
crm,,,,,,
javascript,,,,,,
algorithm,,,,,,
technical,,,,,,
agile,,,,,,
technology,,,,,,
development,,,,,,
testing,,,,,,
web,,,,,,
ui,,,,,,
sdlc,,,,,,
audit,,,,,,
etl,,,,,,
saas,,,,,,
qa,,,,,,
programming,,,,,,
.net,,,,,,
telecommunication,,,,,,
financial analysis,,,,,,
market,,,,,, 
database,,,,,,
nlp,,,,,,
machine learning,,,,,,
tableau,,,,,,
analysis,,,,,,
business,,,,,,
management,,,,,,
time series,,,,,,
sas,,,,,,
financial  ,,,,,,
stats,,,,,,
statistics,,,,,,
matlab,,,,,,
global,,,,,,
risk,,,,,,
models,,,,,,
data infrastructure,,,,,,
banking,,,,,,
analytics,,,,,,
process,,,,,,
research,,,,,,
accuracy,,,,,,
dashboard,,,,,,
business intelligence,,,,,,
data warehouse,,,,,,
hadoop,,,,,,
visualization,,,,,,
metadata,,,,,,
assessment,,,,,,
data collection,,,,,,
cnn,,,,,,
automation,,,,,,
devops,,,,,,
bpm,,,,,,
rpa,,,,,,
artificial intelligence,,,,,,
api,,,,,,
neural network,,,,,,
deep learning,,,,,,
reinforcement learning,,,,,,
statistical,,,,,,
network,,,,,,
big data,,,,,,
mapping,,,,,,
predictive,,,,,,
scala,,,,,,
docker,,,,,,
kubernetes,,,,,,
data science,,,,,,
financial   ,,,,,,
investment portfolio,,,,,,
assets,,,,,,
communication,,,,,,
leadership,,,,,,
strategic planning,,,,,,
accounting,,,,,,
due diligence,,,,,,
tax,,,,,,
budgeting,,,,,,
cfa,,,,,,
cpa,,,,,,
marketing,,,,,,
lending,,,,,,
underwriting,,,,,,
retail banking,,,,,,
fico,,,,,,
information assurance,,,,,,
cti,,,,,,
cyberattack,,,,,,
iot,,,,,,
security,,,,,,
cyber  ,,,,,,
proxy,,,,,,
